{"schemaVersion":"1.0","appDefinitionTemplate":{"id":"/providers/Microsoft.PowerApps/apps/","type":"Microsoft.PowerApps/apps","tags":{"primaryDeviceWidth":"550","primaryDeviceHeight":"550","supportsPortrait":"true","supportsLandscape":"true","primaryFormFactor":"Tablet","showStatusBar":"false","publisherVersion":"3.23083.17","minimumRequiredApiVersion":"2.2.0","hasComponent":"false","hasUnlockedComponent":"false","isUnifiedRootApp":"false","sienaVersion":"20230903T024759Z-3.23083.17.0"},"properties":{"appVersion":"2023-09-03T02:47:59Z","lifeCycleId":"Published","createdByClientVersion":{"major":3,"minor":23083,"build":17,"revision":0,"majorRevision":0,"minorRevision":0},"minClientVersion":{"major":3,"minor":23083,"build":17,"revision":0,"majorRevision":0,"minorRevision":0},"backgroundColor":"rgba(0, 13, 75, 1)","backgroundImageUri":"/16914955921240017684/N6390ae79-bd68-4be6-9a35-1a33fcda3746-logoSmallFile","displayName":"Kiyoto","description":"","commitMessage":"","appUris":{"documentUri":{"value":"/16914955921240017684/N71524f1d-05f4-482b-8c09-b2d9fb10e68e-document.msapp"},"imageUris":[],"additionalUris":[]},"createdTime":"0001-01-01T00:00:00Z","lastModifiedTime":"0001-01-01T00:00:00Z","sharedGroupsCount":0,"sharedUsersCount":0,"connectionReferences":{},"databaseReferences":{},"almMode":"Environment","performanceOptimizationEnabled":true,"canConsumeAppPass":true,"enableModernRuntimeMode":false,"executionRestrictions":{"isTeamsOnly":false,"dataLossPreventionEvaluationResult":{"status":"Compliant","lastEvaluationDate":"2023-09-02T12:45:15.0044706Z","violations":[],"violationsByPolicy":[],"violationErrorMessage":"このアプリでは、次のコネクタが使用されます: 。"}}},"appType":"ClassicCanvasApp","appComponents":[]}}